"County","State"
"BALDWIN","ALABAMA"
"BLOUNT","ALABAMA"
"CHEROKEE","ALABAMA"
"COLBERT","ALABAMA"
"COVINGTON","ALABAMA"
"CULLMAN","ALABAMA"
"DALLAS","ALABAMA"
"DE KALB","ALABAMA"
"ELMORE","ALABAMA"
"ESCAMBIA","ALABAMA"
"ETOWAH","ALABAMA"
"FAYETTE","ALABAMA"
"FRANKLIN","ALABAMA"
"HOUSTON","ALABAMA"
"JACKSON","ALABAMA"
"LAUDERDALE","ALABAMA"
"LAWRENCE","ALABAMA"
"LIMESTONE","ALABAMA"
"MADISON","ALABAMA"
"MARSHALL","ALABAMA"
"MORGAN","ALABAMA"
"PERRY","ALABAMA"
"PIKE","ALABAMA"
"SUMTER","ALABAMA"
"TALLADEGA","ALABAMA"
"TUSCALOOSA","ALABAMA"
"ARKANSAS","ARKANSAS"
"ASHLEY","ARKANSAS"
"CHICOT","ARKANSAS"
"CLAY","ARKANSAS"
"CRAIGHEAD","ARKANSAS"
"CRITTENDEN","ARKANSAS"
"CROSS","ARKANSAS"
"DESHA","ARKANSAS"
"DREW","ARKANSAS"
"GREENE","ARKANSAS"
"INDEPENDENCE","ARKANSAS"
"JACKSON","ARKANSAS"
"JEFFERSON","ARKANSAS"
"LAWRENCE","ARKANSAS"
"LEE","ARKANSAS"
"LINCOLN","ARKANSAS"
"LONOKE","ARKANSAS"
"MISSISSIPPI","ARKANSAS"
"MONROE","ARKANSAS"
"PHILLIPS","ARKANSAS"
"POINSETT","ARKANSAS"
"PRAIRIE","ARKANSAS"
"RANDOLPH","ARKANSAS"
"SAINT FRANCIS","ARKANSAS"
"WHITE","ARKANSAS"
"WOODRUFF","ARKANSAS"
"KENT","DELAWARE"
"NEW CASTLE","DELAWARE"
"SUSSEX","DELAWARE"
"APPLING","GEORGIA"
"BARTOW","GEORGIA"
"BROOKS","GEORGIA"
"BURKE","GEORGIA"
"CHATTOOGA","GEORGIA"
"COFFEE","GEORGIA"
"COLQUITT","GEORGIA"
"DODGE","GEORGIA"
"EMANUEL","GEORGIA"
"FLOYD","GEORGIA"
"GRADY","GEORGIA"
"JEFFERSON","GEORGIA"
"MARION","GEORGIA"
"MITCHELL","GEORGIA"
"PEACH","GEORGIA"
"RANDOLPH","GEORGIA"
"SEMINOLE","GEORGIA"
"TATTNALL","GEORGIA"
"TERRELL","GEORGIA"
"THOMAS","GEORGIA"
"TOOMBS","GEORGIA"
"WALKER","GEORGIA"
"ADAMS","ILLINOIS"
"BOND","ILLINOIS"
"BOONE","ILLINOIS"
"BROWN","ILLINOIS"
"BUREAU","ILLINOIS"
"CALHOUN","ILLINOIS"
"CARROLL","ILLINOIS"
"CASS","ILLINOIS"
"CHAMPAIGN","ILLINOIS"
"CHRISTIAN","ILLINOIS"
"CLARK","ILLINOIS"
"CLAY","ILLINOIS"
"CLINTON","ILLINOIS"
"COLES","ILLINOIS"
"CRAWFORD","ILLINOIS"
"CUMBERLAND","ILLINOIS"
"DE KALB","ILLINOIS"
"DE WITT","ILLINOIS"
"DOUGLAS","ILLINOIS"
"EDGAR","ILLINOIS"
"EDWARDS","ILLINOIS"
"EFFINGHAM","ILLINOIS"
"FAYETTE","ILLINOIS"
"FORD","ILLINOIS"
"FRANKLIN","ILLINOIS"
"FULTON","ILLINOIS"
"GALLATIN","ILLINOIS"
"GREENE","ILLINOIS"
"GRUNDY","ILLINOIS"
"HAMILTON","ILLINOIS"
"HANCOCK","ILLINOIS"
"HENDERSON","ILLINOIS"
"HENRY","ILLINOIS"
"IROQUOIS","ILLINOIS"
"JACKSON","ILLINOIS"
"JASPER","ILLINOIS"
"JEFFERSON","ILLINOIS"
"JERSEY","ILLINOIS"
"JO DAVIESS","ILLINOIS"
"KANE","ILLINOIS"
"KANKAKEE","ILLINOIS"
"KNOX","ILLINOIS"
"LA SALLE","ILLINOIS"
"LAWRENCE","ILLINOIS"
"LEE","ILLINOIS"
"LIVINGSTON","ILLINOIS"
"LOGAN","ILLINOIS"
"MACON","ILLINOIS"
"MACOUPIN","ILLINOIS"
"MADISON","ILLINOIS"
"MARION","ILLINOIS"
"MARSHALL","ILLINOIS"
"MASON","ILLINOIS"
"MASSAC","ILLINOIS"
"MCDONOUGH","ILLINOIS"
"MCHENRY","ILLINOIS"
"MCLEAN","ILLINOIS"
"MENARD","ILLINOIS"
"MERCER","ILLINOIS"
"MONROE","ILLINOIS"
"MONTGOMERY","ILLINOIS"
"MORGAN","ILLINOIS"
"MOULTRIE","ILLINOIS"
"OGLE","ILLINOIS"
"PEORIA","ILLINOIS"
"PERRY","ILLINOIS"
"PIATT","ILLINOIS"
"PIKE","ILLINOIS"
"PULASKI","ILLINOIS"
"PUTNAM","ILLINOIS"
"RANDOLPH","ILLINOIS"
"RICHLAND","ILLINOIS"
"ROCK ISLAND","ILLINOIS"
"SALINE","ILLINOIS"
"SANGAMON","ILLINOIS"
"SCHUYLER","ILLINOIS"
"SCOTT","ILLINOIS"
"SHELBY","ILLINOIS"
"ST CLAIR","ILLINOIS"
"STARK","ILLINOIS"
"STEPHENSON","ILLINOIS"
"TAZEWELL","ILLINOIS"
"VERMILION","ILLINOIS"
"WABASH","ILLINOIS"
"WARREN","ILLINOIS"
"WASHINGTON","ILLINOIS"
"WAYNE","ILLINOIS"
"WHITE","ILLINOIS"
"WHITESIDE","ILLINOIS"
"WILL","ILLINOIS"
"WILLIAMSON","ILLINOIS"
"WINNEBAGO","ILLINOIS"
"WOODFORD","ILLINOIS"
"ADAMS","INDIANA"
"ALLEN","INDIANA"
"BARTHOLOMEW","INDIANA"
"BENTON","INDIANA"
"BLACKFORD","INDIANA"
"BOONE","INDIANA"
"CARROLL","INDIANA"
"CASS","INDIANA"
"CLARK","INDIANA"
"CLAY","INDIANA"
"CLINTON","INDIANA"
"DAVIESS","INDIANA"
"DE KALB","INDIANA"
"DEARBORN","INDIANA"
"DECATUR","INDIANA"
"DELAWARE","INDIANA"
"DUBOIS","INDIANA"
"ELKHART","INDIANA"
"FAYETTE","INDIANA"
"FLOYD","INDIANA"
"FOUNTAIN","INDIANA"
"FRANKLIN","INDIANA"
"FULTON","INDIANA"
"GIBSON","INDIANA"
"GRANT","INDIANA"
"GREENE","INDIANA"
"HAMILTON","INDIANA"
"HANCOCK","INDIANA"
"HARRISON","INDIANA"
"HENDRICKS","INDIANA"
"HENRY","INDIANA"
"HOWARD","INDIANA"
"HUNTINGTON","INDIANA"
"JACKSON","INDIANA"
"JASPER","INDIANA"
"JAY","INDIANA"
"JEFFERSON","INDIANA"
"JENNINGS","INDIANA"
"KNOX","INDIANA"
"KOSCIUSKO","INDIANA"
"LA PORTE","INDIANA"
"LAGRANGE","INDIANA"
"LAKE","INDIANA"
"LAWRENCE","INDIANA"
"MADISON","INDIANA"
"MARSHALL","INDIANA"
"MIAMI","INDIANA"
"MONROE","INDIANA"
"MONTGOMERY","INDIANA"
"MORGAN","INDIANA"
"NEWTON","INDIANA"
"NOBLE","INDIANA"
"OHIO","INDIANA"
"ORANGE","INDIANA"
"PORTER","INDIANA"
"POSEY","INDIANA"
"PULASKI","INDIANA"
"PUTNAM","INDIANA"
"RANDOLPH","INDIANA"
"RIPLEY","INDIANA"
"RUSH","INDIANA"
"SCOTT","INDIANA"
"SHELBY","INDIANA"
"SPENCER","INDIANA"
"ST. JOSEPH","INDIANA"
"STARKE","INDIANA"
"STEUBEN","INDIANA"
"SULLIVAN","INDIANA"
"SWITZERLAND","INDIANA"
"TIPPECANOE","INDIANA"
"TIPTON","INDIANA"
"UNION","INDIANA"
"VANDERBURGH","INDIANA"
"VERMILLION","INDIANA"
"VIGO","INDIANA"
"WABASH","INDIANA"
"WARREN","INDIANA"
"WARRICK","INDIANA"
"WASHINGTON","INDIANA"
"WAYNE","INDIANA"
"WELLS","INDIANA"
"WHITE","INDIANA"
"WHITLEY","INDIANA"
"ADAIR","IOWA"
"ADAMS","IOWA"
"ALLAMAKEE","IOWA"
"APPANOOSE","IOWA"
"AUDUBON","IOWA"
"BENTON","IOWA"
"BLACK HAWK","IOWA"
"BOONE","IOWA"
"BREMER","IOWA"
"BUCHANAN","IOWA"
"BUENA VISTA","IOWA"
"BUTLER","IOWA"
"CALHOUN","IOWA"
"CARROLL","IOWA"
"CASS","IOWA"
"CEDAR","IOWA"
"CERRO GORDO","IOWA"
"CHEROKEE","IOWA"
"CHICKASAW","IOWA"
"CLARKE","IOWA"
"CLAY","IOWA"
"CLAYTON","IOWA"
"CLINTON","IOWA"
"CRAWFORD","IOWA"
"DALLAS","IOWA"
"DAVIS","IOWA"
"DECATUR","IOWA"
"DELAWARE","IOWA"
"DES MOINES","IOWA"
"DICKINSON","IOWA"
"DUBUQUE","IOWA"
"EMMET","IOWA"
"FAYETTE","IOWA"
"FLOYD","IOWA"
"FRANKLIN","IOWA"
"FREMONT","IOWA"
"GREENE","IOWA"
"GRUNDY","IOWA"
"GUTHRIE","IOWA"
"HAMILTON","IOWA"
"HANCOCK","IOWA"
"HARDIN","IOWA"
"HARRISON","IOWA"
"HENRY","IOWA"
"HOWARD","IOWA"
"HUMBOLDT","IOWA"
"IDA","IOWA"
"IOWA","IOWA"
"JACKSON","IOWA"
"JASPER","IOWA"
"JEFFERSON","IOWA"
"JOHNSON","IOWA"
"JONES","IOWA"
"KEOKUK","IOWA"
"KOSSUTH","IOWA"
"LEE","IOWA"
"LINN","IOWA"
"LOUISA","IOWA"
"LUCAS","IOWA"
"LYON","IOWA"
"MADISON","IOWA"
"MAHASKA","IOWA"
"MARION","IOWA"
"MARSHALL","IOWA"
"MILLS","IOWA"
"MITCHELL","IOWA"
"MONONA","IOWA"
"MONROE","IOWA"
"MONTGOMERY","IOWA"
"MUSCATINE","IOWA"
"O BRIEN","IOWA"
"OSCEOLA","IOWA"
"PAGE","IOWA"
"PALO ALTO","IOWA"
"PLYMOUTH","IOWA"
"POCAHONTAS","IOWA"
"POLK","IOWA"
"POTTAWATTAMIE","IOWA"
"POWESHIEK","IOWA"
"RINGGOLD","IOWA"
"SAC","IOWA"
"SCOTT","IOWA"
"SHELBY","IOWA"
"SIOUX","IOWA"
"STORY","IOWA"
"TAMA","IOWA"
"TAYLOR","IOWA"
"UNION","IOWA"
"VAN BUREN","IOWA"
"WAPELLO","IOWA"
"WARREN","IOWA"
"WASHINGTON","IOWA"
"WAYNE","IOWA"
"WEBSTER","IOWA"
"WINNEBAGO","IOWA"
"WINNESHIEK","IOWA"
"WOODBURY","IOWA"
"WORTH","IOWA"
"WRIGHT","IOWA"
"ANDERSON","KANSAS"
"ATCHISON","KANSAS"
"BARTON","KANSAS"
"BOURBON","KANSAS"
"BROWN","KANSAS"
"BUTLER","KANSAS"
"CHAUTAUQUA","KANSAS"
"CHEYENNE","KANSAS"
"CLAY","KANSAS"
"COFFEY","KANSAS"
"COWLEY","KANSAS"
"CRAWFORD","KANSAS"
"DICKINSON","KANSAS"
"DONIPHAN","KANSAS"
"DOUGLAS","KANSAS"
"ELK","KANSAS"
"FRANKLIN","KANSAS"
"GEARY","KANSAS"
"GREENWOOD","KANSAS"
"HARVEY","KANSAS"
"HASKELL","KANSAS"
"JACKSON","KANSAS"
"JEFFERSON","KANSAS"
"JEWELL","KANSAS"
"KINGMAN","KANSAS"
"LABETTE","KANSAS"
"LYON","KANSAS"
"MARION","KANSAS"
"MARSHALL","KANSAS"
"MCPHERSON","KANSAS"
"MIAMI","KANSAS"
"MITCHELL","KANSAS"
"MONTGOMERY","KANSAS"
"MORRIS","KANSAS"
"NEMAHA","KANSAS"
"NEOSHO","KANSAS"
"OSAGE","KANSAS"
"OSBORNE","KANSAS"
"OTTAWA","KANSAS"
"PAWNEE","KANSAS"
"PHILLIPS","KANSAS"
"POTTAWATOMIE","KANSAS"
"RENO","KANSAS"
"REPUBLIC","KANSAS"
"RICE","KANSAS"
"RILEY","KANSAS"
"RUSH","KANSAS"
"SALINE","KANSAS"
"SEDGWICK","KANSAS"
"SEWARD","KANSAS"
"SHAWNEE","KANSAS"
"SMITH","KANSAS"
"SUMNER","KANSAS"
"WASHINGTON","KANSAS"
"WILSON","KANSAS"
"ADAIR","KENTUCKY"
"BALLARD","KENTUCKY"
"BARREN","KENTUCKY"
"BATH","KENTUCKY"
"BOONE","KENTUCKY"
"BOURBON","KENTUCKY"
"BOYLE","KENTUCKY"
"BRECKINRIDGE","KENTUCKY"
"BULLITT","KENTUCKY"
"BUTLER","KENTUCKY"
"CALDWELL","KENTUCKY"
"CALLOWAY","KENTUCKY"
"CARLISLE","KENTUCKY"
"CASEY","KENTUCKY"
"CHRISTIAN","KENTUCKY"
"CLARK","KENTUCKY"
"CRITTENDEN","KENTUCKY"
"DAVIESS","KENTUCKY"
"EDMONSON","KENTUCKY"
"ESTILL","KENTUCKY"
"FAYETTE","KENTUCKY"
"FLEMING","KENTUCKY"
"FULTON","KENTUCKY"
"GRAVES","KENTUCKY"
"GRAYSON","KENTUCKY"
"GREEN","KENTUCKY"
"HARDIN","KENTUCKY"
"HART","KENTUCKY"
"HENDERSON","KENTUCKY"
"HENRY","KENTUCKY"
"HICKMAN","KENTUCKY"
"JESSAMINE","KENTUCKY"
"LARUE","KENTUCKY"
"LEWIS","KENTUCKY"
"LINCOLN","KENTUCKY"
"LOGAN","KENTUCKY"
"MADISON","KENTUCKY"
"MARION","KENTUCKY"
"MASON","KENTUCKY"
"MCLEAN","KENTUCKY"
"MEADE","KENTUCKY"
"MERCER","KENTUCKY"
"NELSON","KENTUCKY"
"NICHOLAS","KENTUCKY"
"OHIO","KENTUCKY"
"OLDHAM","KENTUCKY"
"PENDLETON","KENTUCKY"
"PULASKI","KENTUCKY"
"RUSSELL","KENTUCKY"
"SCOTT","KENTUCKY"
"SHELBY","KENTUCKY"
"SIMPSON","KENTUCKY"
"SPENCER","KENTUCKY"
"TAYLOR","KENTUCKY"
"TODD","KENTUCKY"
"TRIGG","KENTUCKY"
"TRIMBLE","KENTUCKY"
"UNION","KENTUCKY"
"WARREN","KENTUCKY"
"WAYNE","KENTUCKY"
"WEBSTER","KENTUCKY"
"WOODFORD","KENTUCKY"
"ACADIA","LOUISIANA"
"AVOYELLES","LOUISIANA"
"CADDO","LOUISIANA"
"CATAHOULA","LOUISIANA"
"CONCORDIA","LOUISIANA"
"EAST CARROLL","LOUISIANA"
"EVANGELINE","LOUISIANA"
"FRANKLIN","LOUISIANA"
"IBERIA","LOUISIANA"
"IBERVILLE","LOUISIANA"
"JEFFERSON DAVIS","LOUISIANA"
"LAFAYETTE","LOUISIANA"
"MADISON","LOUISIANA"
"MOREHOUSE","LOUISIANA"
"NATCHITOCHES","LOUISIANA"
"POINTE COUPEE","LOUISIANA"
"RAPIDES","LOUISIANA"
"RICHLAND","LOUISIANA"
"SAINT LANDRY","LOUISIANA"
"SAINT MARTIN","LOUISIANA"
"SAINT MARY","LOUISIANA"
"TENSAS","LOUISIANA"
"VERMILION","LOUISIANA"
"WEST CARROLL","LOUISIANA"
"BALTIMORE","MARYLAND"
"CALVERT","MARYLAND"
"CAROLINE","MARYLAND"
"CARROLL","MARYLAND"
"CHARLES","MARYLAND"
"DORCHESTER","MARYLAND"
"FREDERICK","MARYLAND"
"HARFORD","MARYLAND"
"KENT","MARYLAND"
"PRINCE GEORGES","MARYLAND"
"QUEEN ANNES","MARYLAND"
"SOMERSET","MARYLAND"
"ST MARYS","MARYLAND"
"TALBOT","MARYLAND"
"WICOMICO","MARYLAND"
"WORCESTER","MARYLAND"
"ALLEGAN","MICHIGAN"
"ARENAC","MICHIGAN"
"BARRY","MICHIGAN"
"BAY","MICHIGAN"
"BRANCH","MICHIGAN"
"CALHOUN","MICHIGAN"
"CASS","MICHIGAN"
"CLINTON","MICHIGAN"
"EATON","MICHIGAN"
"GENESEE","MICHIGAN"
"GLADWIN","MICHIGAN"
"GRATIOT","MICHIGAN"
"HILLSDALE","MICHIGAN"
"HURON","MICHIGAN"
"INGHAM","MICHIGAN"
"IONIA","MICHIGAN"
"ISABELLA","MICHIGAN"
"JACKSON","MICHIGAN"
"KALAMAZOO","MICHIGAN"
"KENT","MICHIGAN"
"LAPEER","MICHIGAN"
"LENAWEE","MICHIGAN"
"LIVINGSTON","MICHIGAN"
"MACOMB","MICHIGAN"
"MASON","MICHIGAN"
"MECOSTA","MICHIGAN"
"MIDLAND","MICHIGAN"
"MONROE","MICHIGAN"
"MONTCALM","MICHIGAN"
"MUSKEGON","MICHIGAN"
"NEWAYGO","MICHIGAN"
"OAKLAND","MICHIGAN"
"OTTAWA","MICHIGAN"
"SAGINAW","MICHIGAN"
"SANILAC","MICHIGAN"
"SHIAWASSEE","MICHIGAN"
"ST CLAIR","MICHIGAN"
"ST JOSEPH","MICHIGAN"
"TUSCOLA","MICHIGAN"
"WASHTENAW","MICHIGAN"
"WAYNE","MICHIGAN"
"ANOKA","MINNESOTA"
"BECKER","MINNESOTA"
"BENTON","MINNESOTA"
"BIG STONE","MINNESOTA"
"BLUE EARTH","MINNESOTA"
"BROWN","MINNESOTA"
"CARVER","MINNESOTA"
"CHIPPEWA","MINNESOTA"
"CHISAGO","MINNESOTA"
"CLAY","MINNESOTA"
"COTTONWOOD","MINNESOTA"
"DAKOTA","MINNESOTA"
"DODGE","MINNESOTA"
"DOUGLAS","MINNESOTA"
"FARIBAULT","MINNESOTA"
"FILLMORE","MINNESOTA"
"FREEBORN","MINNESOTA"
"GOODHUE","MINNESOTA"
"GRANT","MINNESOTA"
"HENNEPIN","MINNESOTA"
"HOUSTON","MINNESOTA"
"ISANTI","MINNESOTA"
"JACKSON","MINNESOTA"
"KANDIYOHI","MINNESOTA"
"KITTSON","MINNESOTA"
"LAC QUI PARLE","MINNESOTA"
"LE SUEUR","MINNESOTA"
"LINCOLN","MINNESOTA"
"LYON","MINNESOTA"
"MAHNOMEN","MINNESOTA"
"MARSHALL","MINNESOTA"
"MARTIN","MINNESOTA"
"MCLEOD","MINNESOTA"
"MEEKER","MINNESOTA"
"MILLE LACS","MINNESOTA"
"MORRISON","MINNESOTA"
"MOWER","MINNESOTA"
"MURRAY","MINNESOTA"
"NICOLLET","MINNESOTA"
"NOBLES","MINNESOTA"
"NORMAN","MINNESOTA"
"OLMSTED","MINNESOTA"
"OTTER TAIL","MINNESOTA"
"PENNINGTON","MINNESOTA"
"PIPESTONE","MINNESOTA"
"POLK","MINNESOTA"
"POPE","MINNESOTA"
"RED LAKE","MINNESOTA"
"REDWOOD","MINNESOTA"
"RENVILLE","MINNESOTA"
"RICE","MINNESOTA"
"ROCK","MINNESOTA"
"ROSEAU","MINNESOTA"
"SCOTT","MINNESOTA"
"SIBLEY","MINNESOTA"
"STEARNS","MINNESOTA"
"STEELE","MINNESOTA"
"STEVENS","MINNESOTA"
"SWIFT","MINNESOTA"
"TODD","MINNESOTA"
"TRAVERSE","MINNESOTA"
"WABASHA","MINNESOTA"
"WASECA","MINNESOTA"
"WASHINGTON","MINNESOTA"
"WATONWAN","MINNESOTA"
"WILKIN","MINNESOTA"
"WINONA","MINNESOTA"
"WRIGHT","MINNESOTA"
"YELLOW MEDICINE","MINNESOTA"
"ALCORN","MISSISSIPPI"
"ATTALA","MISSISSIPPI"
"BENTON","MISSISSIPPI"
"BOLIVAR","MISSISSIPPI"
"CALHOUN","MISSISSIPPI"
"CARROLL","MISSISSIPPI"
"CHICKASAW","MISSISSIPPI"
"COAHOMA","MISSISSIPPI"
"DE SOTO","MISSISSIPPI"
"HINDS","MISSISSIPPI"
"HOLMES","MISSISSIPPI"
"HUMPHREYS","MISSISSIPPI"
"ISSAQUENA","MISSISSIPPI"
"ITAWAMBA","MISSISSIPPI"
"LAFAYETTE","MISSISSIPPI"
"LEE","MISSISSIPPI"
"LEFLORE","MISSISSIPPI"
"LOWNDES","MISSISSIPPI"
"MADISON","MISSISSIPPI"
"MARSHALL","MISSISSIPPI"
"MONROE","MISSISSIPPI"
"NOXUBEE","MISSISSIPPI"
"PANOLA","MISSISSIPPI"
"PONTOTOC","MISSISSIPPI"
"PRENTISS","MISSISSIPPI"
"QUITMAN","MISSISSIPPI"
"RANKIN","MISSISSIPPI"
"SCOTT","MISSISSIPPI"
"SHARKEY","MISSISSIPPI"
"SUNFLOWER","MISSISSIPPI"
"TALLAHATCHIE","MISSISSIPPI"
"TATE","MISSISSIPPI"
"TUNICA","MISSISSIPPI"
"UNION","MISSISSIPPI"
"WARREN","MISSISSIPPI"
"WASHINGTON","MISSISSIPPI"
"YAZOO","MISSISSIPPI"
"ATCHISON","MISSOURI"
"AUDRAIN","MISSOURI"
"BARTON","MISSOURI"
"BOONE","MISSOURI"
"BUCHANAN","MISSOURI"
"BUTLER","MISSOURI"
"CALDWELL","MISSOURI"
"CARROLL","MISSOURI"
"CASS","MISSOURI"
"CHARITON","MISSOURI"
"CLAY","MISSOURI"
"CLINTON","MISSOURI"
"COLE","MISSOURI"
"COOPER","MISSOURI"
"DADE","MISSOURI"
"DALLAS","MISSOURI"
"DAVIESS","MISSOURI"
"DUNKLIN","MISSOURI"
"FRANKLIN","MISSOURI"
"GASCONADE","MISSOURI"
"GREENE","MISSOURI"
"HENRY","MISSOURI"
"JACKSON","MISSOURI"
"JASPER","MISSOURI"
"JEFFERSON","MISSOURI"
"JOHNSON","MISSOURI"
"KNOX","MISSOURI"
"LACLEDE","MISSOURI"
"LAFAYETTE","MISSOURI"
"LAWRENCE","MISSOURI"
"LEWIS","MISSOURI"
"LINCOLN","MISSOURI"
"LINN","MISSOURI"
"LIVINGSTON","MISSOURI"
"MARIES","MISSOURI"
"MILLER","MISSOURI"
"MISSISSIPPI","MISSOURI"
"MONITEAU","MISSOURI"
"MONROE","MISSOURI"
"MONTGOMERY","MISSOURI"
"MORGAN","MISSOURI"
"NEW MADRID","MISSOURI"
"NODAWAY","MISSOURI"
"OSAGE","MISSOURI"
"PEMISCOT","MISSOURI"
"PERRY","MISSOURI"
"PETTIS","MISSOURI"
"PIKE","MISSOURI"
"PLATTE","MISSOURI"
"POLK","MISSOURI"
"RALLS","MISSOURI"
"RANDOLPH","MISSOURI"
"SALINE","MISSOURI"
"SHELBY","MISSOURI"
"ST CHARLES","MISSOURI"
"ST FRANCOIS","MISSOURI"
"ST LOUIS","MISSOURI"
"STE GENEVIEVE","MISSOURI"
"STODDARD","MISSOURI"
"SULLIVAN","MISSOURI"
"WARREN","MISSOURI"
"WEBSTER","MISSOURI"
"WORTH","MISSOURI"
"ADAMS","NEBRASKA"
"ANTELOPE","NEBRASKA"
"BOONE","NEBRASKA"
"BOYD","NEBRASKA"
"BROWN","NEBRASKA"
"BUFFALO","NEBRASKA"
"BURT","NEBRASKA"
"BUTLER","NEBRASKA"
"CASS","NEBRASKA"
"CEDAR","NEBRASKA"
"CLAY","NEBRASKA"
"COLFAX","NEBRASKA"
"CUMING","NEBRASKA"
"CUSTER","NEBRASKA"
"DAWSON","NEBRASKA"
"DIXON","NEBRASKA"
"DODGE","NEBRASKA"
"DOUGLAS","NEBRASKA"
"FILLMORE","NEBRASKA"
"FRANKLIN","NEBRASKA"
"FURNAS","NEBRASKA"
"GAGE","NEBRASKA"
"GOSPER","NEBRASKA"
"GREELEY","NEBRASKA"
"HALL","NEBRASKA"
"HAMILTON","NEBRASKA"
"HARLAN","NEBRASKA"
"HOLT","NEBRASKA"
"HOWARD","NEBRASKA"
"JEFFERSON","NEBRASKA"
"JOHNSON","NEBRASKA"
"KEARNEY","NEBRASKA"
"KEITH","NEBRASKA"
"KEYA PAHA","NEBRASKA"
"KNOX","NEBRASKA"
"LANCASTER","NEBRASKA"
"LINCOLN","NEBRASKA"
"MADISON","NEBRASKA"
"MERRICK","NEBRASKA"
"NANCE","NEBRASKA"
"NEMAHA","NEBRASKA"
"NUCKOLLS","NEBRASKA"
"OTOE","NEBRASKA"
"PAWNEE","NEBRASKA"
"PHELPS","NEBRASKA"
"PIERCE","NEBRASKA"
"PLATTE","NEBRASKA"
"POLK","NEBRASKA"
"RED WILLOW","NEBRASKA"
"RICHARDSON","NEBRASKA"
"SALINE","NEBRASKA"
"SARPY","NEBRASKA"
"SAUNDERS","NEBRASKA"
"SEWARD","NEBRASKA"
"SHERMAN","NEBRASKA"
"STANTON","NEBRASKA"
"THAYER","NEBRASKA"
"WASHINGTON","NEBRASKA"
"WAYNE","NEBRASKA"
"WEBSTER","NEBRASKA"
"YORK","NEBRASKA"
"BURLINGTON","NEW JERSEY"
"CUMBERLAND","NEW JERSEY"
"HUNTERDON","NEW JERSEY"
"MERCER","NEW JERSEY"
"MONMOUTH","NEW JERSEY"
"SALEM","NEW JERSEY"
"WARREN","NEW JERSEY"
"ALLEGANY","NEW YORK"
"CAYUGA","NEW YORK"
"COLUMBIA","NEW YORK"
"ERIE","NEW YORK"
"GENESEE","NEW YORK"
"HERKIMER","NEW YORK"
"JEFFERSON","NEW YORK"
"LIVINGSTON","NEW YORK"
"MADISON","NEW YORK"
"MONROE","NEW YORK"
"NIAGARA","NEW YORK"
"ONEIDA","NEW YORK"
"ONONDAGA","NEW YORK"
"ONTARIO","NEW YORK"
"ORLEANS","NEW YORK"
"OTSEGO","NEW YORK"
"SENECA","NEW YORK"
"STEUBEN","NEW YORK"
"TOMPKINS","NEW YORK"
"WAYNE","NEW YORK"
"WYOMING","NEW YORK"
"YATES","NEW YORK"
"ALAMANCE","NORTH CAROLINA"
"ANSON","NORTH CAROLINA"
"BEAUFORT","NORTH CAROLINA"
"BERTIE","NORTH CAROLINA"
"BLADEN","NORTH CAROLINA"
"CABARRUS","NORTH CAROLINA"
"CAMDEN","NORTH CAROLINA"
"CASWELL","NORTH CAROLINA"
"CATAWBA","NORTH CAROLINA"
"CHOWAN","NORTH CAROLINA"
"CLEVELAND","NORTH CAROLINA"
"COLUMBUS","NORTH CAROLINA"
"CRAVEN","NORTH CAROLINA"
"CUMBERLAND","NORTH CAROLINA"
"CURRITUCK","NORTH CAROLINA"
"DAVIDSON","NORTH CAROLINA"
"DAVIE","NORTH CAROLINA"
"DUPLIN","NORTH CAROLINA"
"EDGECOMBE","NORTH CAROLINA"
"FRANKLIN","NORTH CAROLINA"
"GASTON","NORTH CAROLINA"
"GATES","NORTH CAROLINA"
"GRANVILLE","NORTH CAROLINA"
"GREENE","NORTH CAROLINA"
"GUILFORD","NORTH CAROLINA"
"HALIFAX","NORTH CAROLINA"
"HARNETT","NORTH CAROLINA"
"HYDE","NORTH CAROLINA"
"IREDELL","NORTH CAROLINA"
"JOHNSTON","NORTH CAROLINA"
"LEE","NORTH CAROLINA"
"LENOIR","NORTH CAROLINA"
"LINCOLN","NORTH CAROLINA"
"MARTIN","NORTH CAROLINA"
"MOORE","NORTH CAROLINA"
"NASH","NORTH CAROLINA"
"NORTHAMPTON","NORTH CAROLINA"
"ONSLOW","NORTH CAROLINA"
"ORANGE","NORTH CAROLINA"
"PERQUIMANS","NORTH CAROLINA"
"PERSON","NORTH CAROLINA"
"PITT","NORTH CAROLINA"
"RANDOLPH","NORTH CAROLINA"
"ROBESON","NORTH CAROLINA"
"ROCKINGHAM","NORTH CAROLINA"
"ROWAN","NORTH CAROLINA"
"SAMPSON","NORTH CAROLINA"
"SCOTLAND","NORTH CAROLINA"
"STANLY","NORTH CAROLINA"
"STOKES","NORTH CAROLINA"
"SURRY","NORTH CAROLINA"
"TYRRELL","NORTH CAROLINA"
"UNION","NORTH CAROLINA"
"VANCE","NORTH CAROLINA"
"WAKE","NORTH CAROLINA"
"WARREN","NORTH CAROLINA"
"WASHINGTON","NORTH CAROLINA"
"WAYNE","NORTH CAROLINA"
"WILSON","NORTH CAROLINA"
"YADKIN","NORTH CAROLINA"
"BARNES","NORTH DAKOTA"
"BENSON","NORTH DAKOTA"
"BOTTINEAU","NORTH DAKOTA"
"CASS","NORTH DAKOTA"
"CAVALIER","NORTH DAKOTA"
"DICKEY","NORTH DAKOTA"
"EDDY","NORTH DAKOTA"
"EMMONS","NORTH DAKOTA"
"GRAND FORKS","NORTH DAKOTA"
"GRIGGS","NORTH DAKOTA"
"KIDDER","NORTH DAKOTA"
"LA MOURE","NORTH DAKOTA"
"MCHENRY","NORTH DAKOTA"
"NELSON","NORTH DAKOTA"
"PEMBINA","NORTH DAKOTA"
"PIERCE","NORTH DAKOTA"
"RAMSEY","NORTH DAKOTA"
"RANSOM","NORTH DAKOTA"
"RENVILLE","NORTH DAKOTA"
"RICHLAND","NORTH DAKOTA"
"ROLETTE","NORTH DAKOTA"
"SARGENT","NORTH DAKOTA"
"STEELE","NORTH DAKOTA"
"STUTSMAN","NORTH DAKOTA"
"TOWNER","NORTH DAKOTA"
"TRAILL","NORTH DAKOTA"
"WALSH","NORTH DAKOTA"
"WARD","NORTH DAKOTA"
"WELLS","NORTH DAKOTA"
"ADAMS","OHIO"
"ALLEN","OHIO"
"ASHLAND","OHIO"
"ASHTABULA","OHIO"
"ATHENS","OHIO"
"AUGLAIZE","OHIO"
"BROWN","OHIO"
"BUTLER","OHIO"
"CARROLL","OHIO"
"CHAMPAIGN","OHIO"
"CLARK","OHIO"
"CLERMONT","OHIO"
"CLINTON","OHIO"
"COLUMBIANA","OHIO"
"COSHOCTON","OHIO"
"CRAWFORD","OHIO"
"DARKE","OHIO"
"DEFIANCE","OHIO"
"DELAWARE","OHIO"
"ERIE","OHIO"
"FAIRFIELD","OHIO"
"FAYETTE","OHIO"
"FULTON","OHIO"
"GALLIA","OHIO"
"GEAUGA","OHIO"
"GREENE","OHIO"
"HAMILTON","OHIO"
"HANCOCK","OHIO"
"HARDIN","OHIO"
"HARRISON","OHIO"
"HENRY","OHIO"
"HIGHLAND","OHIO"
"HOCKING","OHIO"
"HOLMES","OHIO"
"HURON","OHIO"
"JACKSON","OHIO"
"KNOX","OHIO"
"LAWRENCE","OHIO"
"LICKING","OHIO"
"LOGAN","OHIO"
"LORAIN","OHIO"
"LUCAS","OHIO"
"MADISON","OHIO"
"MAHONING","OHIO"
"MARION","OHIO"
"MEDINA","OHIO"
"MERCER","OHIO"
"MIAMI","OHIO"
"MONTGOMERY","OHIO"
"MORROW","OHIO"
"MUSKINGUM","OHIO"
"OTTAWA","OHIO"
"PAULDING","OHIO"
"PICKAWAY","OHIO"
"PIKE","OHIO"
"PORTAGE","OHIO"
"PREBLE","OHIO"
"PUTNAM","OHIO"
"RICHLAND","OHIO"
"ROSS","OHIO"
"SANDUSKY","OHIO"
"SCIOTO","OHIO"
"SENECA","OHIO"
"SHELBY","OHIO"
"STARK","OHIO"
"TRUMBULL","OHIO"
"TUSCARAWAS","OHIO"
"UNION","OHIO"
"VAN WERT","OHIO"
"WARREN","OHIO"
"WASHINGTON","OHIO"
"WAYNE","OHIO"
"WILLIAMS","OHIO"
"WOOD","OHIO"
"WYANDOT","OHIO"
"ALFALFA","OKLAHOMA"
"CRAIG","OKLAHOMA"
"DELAWARE","OKLAHOMA"
"GARFIELD","OKLAHOMA"
"GRADY","OKLAHOMA"
"GRANT","OKLAHOMA"
"KAY","OKLAHOMA"
"KINGFISHER","OKLAHOMA"
"MAYES","OKLAHOMA"
"MUSKOGEE","OKLAHOMA"
"NOBLE","OKLAHOMA"
"NOWATA","OKLAHOMA"
"OKLAHOMA","OKLAHOMA"
"OSAGE","OKLAHOMA"
"OTTAWA","OKLAHOMA"
"PAWNEE","OKLAHOMA"
"PAYNE","OKLAHOMA"
"ROGERS","OKLAHOMA"
"SEQUOYAH","OKLAHOMA"
"WASHINGTON","OKLAHOMA"
"ADAMS","PENNSYLVANIA"
"ARMSTRONG","PENNSYLVANIA"
"BEAVER","PENNSYLVANIA"
"BEDFORD","PENNSYLVANIA"
"BERKS","PENNSYLVANIA"
"BLAIR","PENNSYLVANIA"
"BUTLER","PENNSYLVANIA"
"CAMBRIA","PENNSYLVANIA"
"CENTRE","PENNSYLVANIA"
"CHESTER","PENNSYLVANIA"
"CLARION","PENNSYLVANIA"
"COLUMBIA","PENNSYLVANIA"
"CRAWFORD","PENNSYLVANIA"
"CUMBERLAND","PENNSYLVANIA"
"DAUPHIN","PENNSYLVANIA"
"ERIE","PENNSYLVANIA"
"FAYETTE","PENNSYLVANIA"
"FRANKLIN","PENNSYLVANIA"
"FULTON","PENNSYLVANIA"
"HUNTINGDON","PENNSYLVANIA"
"INDIANA","PENNSYLVANIA"
"JEFFERSON","PENNSYLVANIA"
"JUNIATA","PENNSYLVANIA"
"LANCASTER","PENNSYLVANIA"
"LAWRENCE","PENNSYLVANIA"
"LEBANON","PENNSYLVANIA"
"LEHIGH","PENNSYLVANIA"
"MERCER","PENNSYLVANIA"
"MIFFLIN","PENNSYLVANIA"
"MONROE","PENNSYLVANIA"
"MONTOUR","PENNSYLVANIA"
"NORTHAMPTON","PENNSYLVANIA"
"NORTHUMBERLAND","PENNSYLVANIA"
"PERRY","PENNSYLVANIA"
"SNYDER","PENNSYLVANIA"
"SOMERSET","PENNSYLVANIA"
"UNION","PENNSYLVANIA"
"WASHINGTON","PENNSYLVANIA"
"WESTMORELAND","PENNSYLVANIA"
"YORK","PENNSYLVANIA"
"AIKEN","SOUTH CAROLINA"
"ALLENDALE","SOUTH CAROLINA"
"ANDERSON","SOUTH CAROLINA"
"BAMBERG","SOUTH CAROLINA"
"BARNWELL","SOUTH CAROLINA"
"CALHOUN","SOUTH CAROLINA"
"CHESTERFIELD","SOUTH CAROLINA"
"CLARENDON","SOUTH CAROLINA"
"COLLETON","SOUTH CAROLINA"
"DARLINGTON","SOUTH CAROLINA"
"DILLON","SOUTH CAROLINA"
"DORCHESTER","SOUTH CAROLINA"
"EDGEFIELD","SOUTH CAROLINA"
"FLORENCE","SOUTH CAROLINA"
"GEORGETOWN","SOUTH CAROLINA"
"HAMPTON","SOUTH CAROLINA"
"HORRY","SOUTH CAROLINA"
"LEE","SOUTH CAROLINA"
"LEXINGTON","SOUTH CAROLINA"
"MARION","SOUTH CAROLINA"
"MARLBORO","SOUTH CAROLINA"
"NEWBERRY","SOUTH CAROLINA"
"OCONEE","SOUTH CAROLINA"
"ORANGEBURG","SOUTH CAROLINA"
"RICHLAND","SOUTH CAROLINA"
"SUMTER","SOUTH CAROLINA"
"WILLIAMSBURG","SOUTH CAROLINA"
"YORK","SOUTH CAROLINA"
"AURORA","SOUTH DAKOTA"
"BEADLE","SOUTH DAKOTA"
"BON HOMME","SOUTH DAKOTA"
"BROOKINGS","SOUTH DAKOTA"
"BROWN","SOUTH DAKOTA"
"BRULE","SOUTH DAKOTA"
"CAMPBELL","SOUTH DAKOTA"
"CHARLES MIX","SOUTH DAKOTA"
"CLARK","SOUTH DAKOTA"
"CLAY","SOUTH DAKOTA"
"CODINGTON","SOUTH DAKOTA"
"DAY","SOUTH DAKOTA"
"DEUEL","SOUTH DAKOTA"
"DOUGLAS","SOUTH DAKOTA"
"EDMUNDS","SOUTH DAKOTA"
"FAULK","SOUTH DAKOTA"
"GRANT","SOUTH DAKOTA"
"HAMLIN","SOUTH DAKOTA"
"HAND","SOUTH DAKOTA"
"HANSON","SOUTH DAKOTA"
"HUTCHINSON","SOUTH DAKOTA"
"JERAULD","SOUTH DAKOTA"
"KINGSBURY","SOUTH DAKOTA"
"LAKE","SOUTH DAKOTA"
"LINCOLN","SOUTH DAKOTA"
"MARSHALL","SOUTH DAKOTA"
"MCCOOK","SOUTH DAKOTA"
"MINNEHAHA","SOUTH DAKOTA"
"MOODY","SOUTH DAKOTA"
"POTTER","SOUTH DAKOTA"
"ROBERTS","SOUTH DAKOTA"
"SPINK","SOUTH DAKOTA"
"SULLY","SOUTH DAKOTA"
"TURNER","SOUTH DAKOTA"
"UNION","SOUTH DAKOTA"
"WALWORTH","SOUTH DAKOTA"
"YANKTON","SOUTH DAKOTA"
"BEDFORD","TENNESSEE"
"BENTON","TENNESSEE"
"BLEDSOE","TENNESSEE"
"BLOUNT","TENNESSEE"
"BRADLEY","TENNESSEE"
"CANNON","TENNESSEE"
"CARROLL","TENNESSEE"
"CHESTER","TENNESSEE"
"CLAY","TENNESSEE"
"COFFEE","TENNESSEE"
"CROCKETT","TENNESSEE"
"DYER","TENNESSEE"
"FAYETTE","TENNESSEE"
"FENTRESS","TENNESSEE"
"FRANKLIN","TENNESSEE"
"GIBSON","TENNESSEE"
"GILES","TENNESSEE"
"GREENE","TENNESSEE"
"HARDEMAN","TENNESSEE"
"HARDIN","TENNESSEE"
"HAWKINS","TENNESSEE"
"HAYWOOD","TENNESSEE"
"HENDERSON","TENNESSEE"
"HENRY","TENNESSEE"
"JEFFERSON","TENNESSEE"
"LAUDERDALE","TENNESSEE"
"LAWRENCE","TENNESSEE"
"LINCOLN","TENNESSEE"
"MACON","TENNESSEE"
"MADISON","TENNESSEE"
"MARION","TENNESSEE"
"MARSHALL","TENNESSEE"
"MAURY","TENNESSEE"
"MCMINN","TENNESSEE"
"MCNAIRY","TENNESSEE"
"MONROE","TENNESSEE"
"MONTGOMERY","TENNESSEE"
"OBION","TENNESSEE"
"OVERTON","TENNESSEE"
"ROBERTSON","TENNESSEE"
"RUTHERFORD","TENNESSEE"
"SUMNER","TENNESSEE"
"TIPTON","TENNESSEE"
"WAYNE","TENNESSEE"
"WEAKLEY","TENNESSEE"
"WHITE","TENNESSEE"
"WILLIAMSON","TENNESSEE"
"WILSON","TENNESSEE"
"FANNIN","TEXAS"
"FORT BEND","TEXAS"
"LAMAR","TEXAS"
"LIBERTY","TEXAS"
"MATAGORDA","TEXAS"
"WHARTON","TEXAS"
"ACCOMACK","VIRGINIA"
"AMELIA","VIRGINIA"
"APPOMATTOX","VIRGINIA"
"BRUNSWICK","VIRGINIA"
"CAROLINE","VIRGINIA"
"CHARLOTTE","VIRGINIA"
"CHESAPEAKE CITY","VIRGINIA"
"CHESTERFIELD","VIRGINIA"
"CULPEPER","VIRGINIA"
"DINWIDDIE","VIRGINIA"
"ESSEX","VIRGINIA"
"FAUQUIER","VIRGINIA"
"FREDERICK","VIRGINIA"
"GLOUCESTER","VIRGINIA"
"GREENSVILLE","VIRGINIA"
"HALIFAX","VIRGINIA"
"HANOVER","VIRGINIA"
"ISLE OF WIGHT","VIRGINIA"
"KING AND QUEEN","VIRGINIA"
"KING WILLIAM","VIRGINIA"
"LOUISA","VIRGINIA"
"LUNENBURG","VIRGINIA"
"MADISON","VIRGINIA"
"MIDDLESEX","VIRGINIA"
"NORTHAMPTON","VIRGINIA"
"NORTHUMBERLAND","VIRGINIA"
"ORANGE","VIRGINIA"
"PAGE","VIRGINIA"
"PITTSYLVANIA","VIRGINIA"
"PRINCE EDWARD","VIRGINIA"
"PRINCE GEORGE","VIRGINIA"
"RICHMOND","VIRGINIA"
"ROCKINGHAM","VIRGINIA"
"SHENANDOAH","VIRGINIA"
"SPOTSYLVANIA","VIRGINIA"
"SURRY","VIRGINIA"
"VIRGINIA BEACH CITY","VIRGINIA"
"WESTMORELAND","VIRGINIA"
"ADAMS","WISCONSIN"
"BARRON","WISCONSIN"
"BROWN","WISCONSIN"
"BUFFALO","WISCONSIN"
"BURNETT","WISCONSIN"
"CALUMET","WISCONSIN"
"CHIPPEWA","WISCONSIN"
"CLARK","WISCONSIN"
"COLUMBIA","WISCONSIN"
"CRAWFORD","WISCONSIN"
"DANE","WISCONSIN"
"DODGE","WISCONSIN"
"DOOR","WISCONSIN"
"DUNN","WISCONSIN"
"EAU CLAIRE","WISCONSIN"
"FOND DU LAC","WISCONSIN"
"GRANT","WISCONSIN"
"GREEN","WISCONSIN"
"GREEN LAKE","WISCONSIN"
"IOWA","WISCONSIN"
"JACKSON","WISCONSIN"
"JEFFERSON","WISCONSIN"
"JUNEAU","WISCONSIN"
"KENOSHA","WISCONSIN"
"KEWAUNEE","WISCONSIN"
"LA CROSSE","WISCONSIN"
"LAFAYETTE","WISCONSIN"
"MANITOWOC","WISCONSIN"
"MARATHON","WISCONSIN"
"MARINETTE","WISCONSIN"
"MONROE","WISCONSIN"
"OCONTO","WISCONSIN"
"OUTAGAMIE","WISCONSIN"
"OZAUKEE","WISCONSIN"
"PIERCE","WISCONSIN"
"POLK","WISCONSIN"
"PORTAGE","WISCONSIN"
"RACINE","WISCONSIN"
"RICHLAND","WISCONSIN"
"ROCK","WISCONSIN"
"RUSK","WISCONSIN"
"SAUK","WISCONSIN"
"SAWYER","WISCONSIN"
"SHAWANO","WISCONSIN"
"SHEBOYGAN","WISCONSIN"
"ST CROIX","WISCONSIN"
"TAYLOR","WISCONSIN"
"TREMPEALEAU","WISCONSIN"
"VERNON","WISCONSIN"
"WALWORTH","WISCONSIN"
"WASHBURN","WISCONSIN"
"WASHINGTON","WISCONSIN"
"WAUKESHA","WISCONSIN"
"WAUPACA","WISCONSIN"
"WAUSHARA","WISCONSIN"
"WINNEBAGO","WISCONSIN"
"WOOD","WISCONSIN"
